drug,alternatives,shortage,inventory,demand,supply
Drug_0001,4,3,136,325,238
Drug_0002,8,0,2728,639,666
Drug_0003,4,3,1138,568,357
Drug_0004,5,1,3344,1171,1144
Drug_0005,16,0,226,192,238
Drug_0006,3,9,51,1974,717
Drug_0007,4,3,916,537,362
Drug_0008,5,6,323,781,568
Drug_0009,7,1,723,645,954
Drug_0010,17,1,1527,1047,1274
Drug_0011,10,0,1810,438,601
Drug_0012,0,10,150,920,341
Drug_0013,9,1,1468,901,1099
Drug_0014,0,6,395,1269,900
Drug_0015,7,0,2766,566,747
Drug_0016,11,1,2053,315,502
Drug_0017,4,2,1391,934,877
Drug_0018,11,0,2836,722,943
Drug_0019,4,11,292,1129,706
Drug_0020,6,2,1262,1360,1326
Drug_0021,1,9,158,1858,1342
Drug_0022,13,0,3788,239,331
Drug_0023,1,16,38,1638,651
Drug_0024,4,3,1366,878,607
Drug_0025,7,9,53,1983,1040
Drug_0026,15,0,364,1089,1453
Drug_0027,14,1,2768,539,623
Drug_0028,6,1,548,199,213
Drug_0029,13,0,1917,594,738
Drug_0030,5,3,645,289,280
Drug_0031,4,2,1049,314,277
Drug_0032,5,9,206,366,163
Drug_0033,6,0,920,165,188
Drug_0034,8,0,737,234,251
Drug_0035,8,0,1529,544,561
Drug_0036,7,2,3350,611,752
Drug_0037,12,0,621,163,199
Drug_0038,9,1,570,829,859
Drug_0039,7,0,1738,347,420
Drug_0040,7,1,1428,798,573
Drug_0041,7,1,726,439,620
Drug_0042,7,4,289,768,588
Drug_0043,12,2,458,217,228
Drug_0044,13,1,804,148,173
Drug_0045,1,3,613,333,224
Drug_0046,3,1,118,1161,859
Drug_0047,10,1,1317,68,83
Drug_0048,15,0,420,162,249
Drug_0049,8,2,225,410,390
Drug_0050,8,1,1894,734,849
Drug_0051,8,0,2355,1391,1753
Drug_0052,12,1,579,188,209
Drug_0053,5,7,358,544,448
Drug_0054,5,3,639,492,489
Drug_0055,11,1,569,1199,1161
Drug_0056,5,9,393,2352,1574
Drug_0057,6,1,159,204,275
Drug_0058,4,1,1704,259,225
Drug_0059,15,0,2434,511,595
Drug_0060,12,1,2517,956,1298
Drug_0061,5,3,423,124,115
Drug_0062,9,0,565,804,989
Drug_0063,8,3,1685,244,274
Drug_0064,5,3,156,405,290
Drug_0065,8,2,2907,823,758
Drug_0066,8,1,1187,673,737
Drug_0067,5,0,981,945,881
Drug_0068,9,1,1742,259,338
Drug_0069,16,1,2003,419,662
Drug_0070,10,0,3219,205,275
Drug_0071,10,0,4210,436,583
Drug_0072,16,1,1420,152,130
Drug_0073,3,2,562,1859,1385
Drug_0074,9,1,400,649,821
Drug_0075,8,0,3289,551,648
Drug_0076,11,2,1839,365,509
Drug_0077,8,0,175,459,571
Drug_0078,4,4,566,934,1004
Drug_0079,9,1,665,1512,1367
Drug_0080,2,5,392,1471,956
Drug_0081,7,4,1004,859,849
Drug_0082,16,1,829,751,953
Drug_0083,2,7,506,1536,1271
Drug_0084,17,0,564,188,236
Drug_0085,12,0,1106,511,561
Drug_0086,6,0,2232,236,296
Drug_0087,6,4,572,1011,1106
Drug_0088,5,0,1513,290,366
Drug_0089,11,2,1682,1344,1777
Drug_0090,4,3,1905,260,275
Drug_0091,2,2,2429,789,1025
Drug_0092,7,1,702,530,460
Drug_0093,9,0,13,1180,1123
Drug_0094,11,1,2098,662,923
Drug_0095,4,0,3376,842,1377
Drug_0096,3,2,1095,1930,2229
Drug_0097,14,1,2021,374,538
Drug_0098,8,0,2184,976,1366
Drug_0099,14,0,1461,467,642
Drug_0100,1,11,8,2252,925
Drug_0101,0,6,132,1390,500
Drug_0102,9,0,1784,391,339
Drug_0103,7,0,1124,596,748
Drug_0104,3,8,49,2087,871
Drug_0105,2,4,193,801,596
Drug_0106,9,1,206,1480,1367
Drug_0107,9,1,4117,472,739
Drug_0108,16,0,335,220,266
Drug_0109,13,2,2979,463,511
Drug_0110,0,13,61,2202,865
Drug_0111,16,1,901,100,105
Drug_0112,6,0,768,910,1139
Drug_0113,15,3,161,685,1042
Drug_0114,5,2,990,1128,1231
Drug_0115,8,0,1362,311,414
Drug_0116,2,6,996,1683,1126
Drug_0117,6,3,542,841,566
Drug_0118,8,4,1452,519,644
Drug_0119,7,0,1377,84,100
Drug_0120,12,1,1318,793,829
Drug_0121,9,6,1383,409,423
Drug_0122,6,3,235,1133,1079
Drug_0123,10,0,2861,1065,1222
Drug_0124,14,1,3685,257,324
Drug_0125,17,3,3385,388,450
Drug_0126,10,2,1325,318,511
Drug_0127,7,0,3546,438,565
Drug_0128,10,1,824,157,199
Drug_0129,9,0,859,961,1271
Drug_0130,6,3,927,611,470
Drug_0131,14,3,2152,560,772
Drug_0132,0,9,111,1702,710
Drug_0133,6,0,310,1433,1463
Drug_0134,12,1,4817,196,295
Drug_0135,9,1,1828,525,572
Drug_0136,2,1,3135,641,873
Drug_0137,0,12,53,352,162
Drug_0138,10,1,1317,1616,1907
Drug_0139,2,3,358,1030,701
Drug_0140,8,2,2429,377,434
Drug_0141,9,0,623,474,456
Drug_0142,5,0,1062,446,459
Drug_0143,1,10,104,699,289
Drug_0144,9,3,729,994,914
Drug_0145,12,0,2611,403,586
Drug_0146,6,0,358,263,285
Drug_0147,11,1,2267,284,274
Drug_0148,4,1,1553,1332,1380
Drug_0149,13,1,736,419,483
Drug_0150,5,0,704,308,432
Drug_0151,2,9,928,529,347
Drug_0152,4,6,687,2290,1500
Drug_0153,5,1,1351,1037,1409
Drug_0154,7,1,958,289,299
Drug_0155,4,0,3806,1258,1766
Drug_0156,12,4,976,812,874
Drug_0157,9,0,487,706,1014
Drug_0158,9,3,518,1277,963
Drug_0159,4,1,1404,404,399
Drug_0160,3,7,221,840,642
Drug_0161,8,0,655,424,457
Drug_0162,2,9,114,805,346
Drug_0163,12,1,1489,182,214
Drug_0164,8,0,1016,197,250
Drug_0165,5,6,1446,680,741
Drug_0166,7,0,1790,1045,1351
Drug_0167,2,5,399,1039,682
Drug_0168,3,2,778,1457,1025
Drug_0169,12,0,1816,553,681
Drug_0170,1,13,113,955,529
Drug_0171,10,0,1440,613,706
Drug_0172,11,1,1103,237,253
Drug_0173,2,1,1121,158,199
Drug_0174,1,11,59,2695,1281
Drug_0175,5,0,1903,311,385
Drug_0176,9,0,2109,861,1205
Drug_0177,10,0,911,427,450
Drug_0178,0,4,223,2322,1039
Drug_0179,2,2,404,1415,915
Drug_0180,8,1,385,758,788
Drug_0181,2,6,245,484,260
Drug_0182,4,5,132,1258,965
Drug_0183,5,3,1186,356,334
Drug_0184,9,0,3151,401,569
Drug_0185,1,8,338,248,179
Drug_0186,6,4,953,381,400
Drug_0187,13,2,3491,220,273
Drug_0188,11,0,2138,452,585
Drug_0189,5,0,1305,368,377
Drug_0190,13,1,2051,321,376
Drug_0191,0,9,128,1207,476
Drug_0192,16,0,3084,184,276
Drug_0193,7,1,121,480,520
Drug_0194,5,13,488,1133,1004
Drug_0195,5,0,1106,360,502
Drug_0196,3,0,2475,671,753
Drug_0197,7,2,110,1201,1157
Drug_0198,5,9,356,454,315
Drug_0199,9,0,2994,384,465
Drug_0200,13,0,1299,610,809
Drug_0201,1,7,533,1093,637
Drug_0202,0,7,23,1326,544
Drug_0203,8,4,2358,428,389
Drug_0204,7,0,1267,622,844
Drug_0205,13,0,3745,669,885
Drug_0206,7,0,1962,432,417
Drug_0207,12,0,5377,427,663
Drug_0208,8,1,516,1508,1945
Drug_0209,17,0,2645,975,1213
Drug_0210,3,2,1522,447,432
Drug_0211,20,6,2064,1532,1688
Drug_0212,6,2,1053,220,190
Drug_0213,8,0,2198,98,151
Drug_0214,1,12,311,415,270
Drug_0215,7,1,723,651,687
Drug_0216,3,1,1154,840,910
Drug_0217,13,0,3757,639,822
Drug_0218,8,2,1038,1011,1191
Drug_0219,0,16,131,1126,523
Drug_0220,9,0,879,684,804
Drug_0221,10,1,1040,532,659
Drug_0222,11,1,2551,169,225
Drug_0223,8,0,638,1802,1698
Drug_0224,3,20,15,2285,922
Drug_0225,12,0,2956,254,313
Drug_0226,0,12,181,1368,682
Drug_0227,10,1,1268,378,485
Drug_0228,9,4,2689,102,135
Drug_0229,3,1,893,318,302
Drug_0230,16,0,2039,535,670
Drug_0231,12,0,450,343,445
Drug_0232,17,0,3799,872,1097
Drug_0233,1,5,26,202,91
Drug_0234,8,0,3619,345,283
Drug_0235,1,10,6,1164,501
Drug_0236,2,4,84,645,506
Drug_0237,11,0,2114,981,1181
Drug_0238,1,6,178,1024,739
Drug_0239,12,0,3593,600,728
Drug_0240,12,1,1769,1086,1405
Drug_0241,3,3,165,488,401
Drug_0242,5,4,403,1255,1058
Drug_0243,15,1,3304,517,779
Drug_0244,11,5,1272,439,554
Drug_0245,5,4,724,1172,1228
Drug_0246,3,4,400,694,510
Drug_0247,5,2,269,72,68
Drug_0248,10,3,1477,121,164
Drug_0249,5,0,501,116,159
Drug_0250,8,0,1707,1162,1587
Drug_0251,5,1,412,1323,1210
Drug_0252,2,3,668,932,752
Drug_0253,6,0,579,937,1029
Drug_0254,6,1,1856,953,1204
Drug_0255,12,1,3904,252,293
Drug_0256,4,4,293,670,755
Drug_0257,6,3,751,382,274
Drug_0258,15,1,5562,707,777
Drug_0259,11,0,287,536,510
Drug_0260,4,3,1042,654,658
Drug_0261,9,1,497,568,876
Drug_0262,4,3,395,1542,997
Drug_0263,10,0,3928,336,327
Drug_0264,17,0,3209,351,497
Drug_0265,1,10,56,1742,715
Drug_0266,6,0,4824,347,421
Drug_0267,8,0,1023,1082,1242
Drug_0268,13,1,702,465,563
Drug_0269,10,1,1500,1291,1153
Drug_0270,6,1,1804,430,502
Drug_0271,11,1,346,235,330
Drug_0272,9,1,3027,249,293
Drug_0273,5,0,1004,549,500
Drug_0274,6,3,2839,869,806
Drug_0275,6,2,1535,234,220
Drug_0276,8,0,2505,371,373
Drug_0277,5,0,565,197,248
Drug_0278,6,3,798,1532,1669
Drug_0279,3,9,87,358,206
Drug_0280,3,1,592,553,295
Drug_0281,7,0,563,449,561
Drug_0282,12,1,2295,295,343
Drug_0283,6,1,891,607,730
Drug_0284,9,0,786,732,971
Drug_0285,13,2,350,265,196
Drug_0286,11,0,3147,698,1040
Drug_0287,8,0,2319,399,453
Drug_0288,10,2,250,694,900
Drug_0289,6,2,2610,707,629
Drug_0290,15,0,212,616,521
Drug_0291,3,4,435,1671,1296
Drug_0292,8,0,2160,23,30
Drug_0293,2,8,170,774,306
Drug_0294,14,1,3549,584,861
Drug_0295,2,3,569,848,697
Drug_0296,0,11,79,1323,485
Drug_0297,0,8,89,1084,425
Drug_0298,4,1,351,2775,1868
Drug_0299,1,4,420,787,669
Drug_0300,7,2,1140,776,695
Drug_0301,0,2,249,674,536
Drug_0302,14,1,1039,486,703
Drug_0303,7,0,454,237,220
Drug_0304,7,1,1457,177,192
Drug_0305,3,9,374,577,397
Drug_0306,8,0,576,361,435
Drug_0307,7,1,763,704,851
Drug_0308,7,1,1005,252,233
Drug_0309,10,0,950,1763,2628
Drug_0310,11,2,4234,42,56
Drug_0311,8,0,436,453,649
Drug_0312,8,2,1513,621,486
Drug_0313,10,1,1944,578,685
Drug_0314,9,0,1483,330,510
Drug_0315,12,1,1094,433,388
Drug_0316,12,0,400,285,331
Drug_0317,13,1,3540,173,188
Drug_0318,6,1,183,692,766
Drug_0319,11,0,5330,383,394
Drug_0320,3,8,120,1498,604
Drug_0321,0,12,27,1069,480
Drug_0322,11,1,881,575,738
Drug_0323,12,0,2248,206,231
Drug_0324,12,0,773,952,827
Drug_0325,2,5,715,1291,1047
Drug_0326,8,1,539,429,526
Drug_0327,2,5,1201,193,123
Drug_0328,8,2,1648,533,542
Drug_0329,7,1,1024,1135,1126
Drug_0330,16,2,2602,243,292
Drug_0331,7,1,213,710,674
Drug_0332,11,0,3163,216,184
Drug_0333,6,0,1674,1069,857
Drug_0334,2,5,129,1880,1377
Drug_0335,3,0,1479,346,434
Drug_0336,3,4,1894,690,667
Drug_0337,8,0,1582,282,325
Drug_0338,3,0,443,2012,2127
Drug_0339,9,0,1225,1417,1554
Drug_0340,0,10,74,823,329
Drug_0341,15,0,1243,697,932
Drug_0342,1,8,94,1155,455
Drug_0343,2,5,212,1360,910
Drug_0344,4,7,863,1039,958
Drug_0345,4,5,670,1614,1101
Drug_0346,3,4,318,1338,989
Drug_0347,1,8,32,1915,859
Drug_0348,8,1,905,516,572
Drug_0349,8,3,423,1169,1298
Drug_0350,12,1,1996,373,448
Drug_0351,7,6,927,615,638
Drug_0352,12,1,3956,182,193
Drug_0353,6,3,435,1311,1403
Drug_0354,7,2,1102,427,517
Drug_0355,6,0,3920,433,567
Drug_0356,11,2,1735,1461,1505
Drug_0357,4,5,447,2592,1628
Drug_0358,2,4,313,464,354
Drug_0359,6,0,1279,725,899
Drug_0360,8,3,1047,472,522
Drug_0361,2,6,165,916,402
Drug_0362,8,1,657,1039,1046
Drug_0363,12,1,3322,852,1158
Drug_0364,8,0,1536,596,860
Drug_0365,7,1,723,1070,982
Drug_0366,9,0,558,234,271
Drug_0367,2,8,376,593,374
Drug_0368,7,4,2196,1194,1125
Drug_0369,10,0,573,640,705
Drug_0370,3,5,271,936,737
Drug_0371,1,4,123,1115,753
Drug_0372,11,2,327,342,431
Drug_0373,9,0,2434,259,317
Drug_0374,12,0,1250,276,343
Drug_0375,14,1,1973,190,285
Drug_0376,14,0,609,402,464
Drug_0377,3,10,238,1848,704
Drug_0378,13,0,1360,723,734
Drug_0379,13,2,1996,991,1156
Drug_0380,7,2,717,844,1015
Drug_0381,10,3,766,724,944
Drug_0382,0,10,55,1802,845
Drug_0383,3,6,436,819,638
Drug_0384,10,0,306,560,765
Drug_0385,13,0,183,446,582
Drug_0386,1,9,77,1266,565
Drug_0387,6,2,535,558,491
Drug_0388,1,9,37,1137,559
Drug_0389,8,1,895,372,498
Drug_0390,2,5,442,353,253
Drug_0391,6,0,965,499,419
Drug_0392,12,0,1549,106,143
Drug_0393,6,3,752,862,980
Drug_0394,5,2,2799,770,922
Drug_0395,14,1,1437,1555,1970
Drug_0396,8,2,502,429,570
Drug_0397,5,4,389,1357,813
Drug_0398,12,0,1102,404,443
Drug_0399,9,0,2778,341,412
Drug_0400,10,1,1676,102,142
Drug_0401,7,0,544,501,613
Drug_0402,2,13,51,1412,695
Drug_0403,3,7,327,2177,1794
Drug_0404,10,1,899,370,488
Drug_0405,3,11,177,929,444
Drug_0406,6,4,340,1488,1127
Drug_0407,9,2,1319,1095,1377
Drug_0408,3,1,295,1285,940
Drug_0409,9,0,4486,190,210
Drug_0410,0,15,94,900,377
Drug_0411,4,1,195,57,44
Drug_0412,6,0,1140,769,841
Drug_0413,9,0,1403,1002,1278
Drug_0414,2,0,241,744,487
Drug_0415,8,0,2476,617,726
Drug_0416,8,0,2846,364,374
Drug_0417,6,1,1777,723,579
Drug_0418,4,2,345,546,321
Drug_0419,11,0,438,170,214
Drug_0420,1,9,111,937,419
Drug_0421,8,1,735,550,681
Drug_0422,10,1,958,383,448
Drug_0423,14,1,2157,547,742
Drug_0424,7,0,423,528,454
Drug_0425,8,0,1442,1828,1876
Drug_0426,1,5,322,667,580
Drug_0427,11,0,808,388,444
Drug_0428,2,2,1161,1810,1258
Drug_0429,12,1,2028,406,561
Drug_0430,6,9,193,466,406
Drug_0431,0,12,32,1686,714
Drug_0432,4,4,109,1234,924
Drug_0433,9,3,727,275,292
Drug_0434,5,7,64,636,423
Drug_0435,12,0,1189,287,328
Drug_0436,14,1,1527,436,501
Drug_0437,6,0,1386,403,493
Drug_0438,4,1,2289,400,487
Drug_0439,5,1,841,363,383
Drug_0440,3,2,709,3097,3052
Drug_0441,6,5,157,2361,1585
Drug_0442,12,1,2951,1023,1242
Drug_0443,11,2,2829,503,561
Drug_0444,7,0,6888,336,432
Drug_0445,14,0,235,108,112
Drug_0446,5,3,1319,891,1112
Drug_0447,1,9,39,3712,1565
Drug_0448,4,1,3088,767,780
Drug_0449,10,1,2514,598,880
Drug_0450,5,2,1837,350,395
Drug_0451,11,2,1049,202,305
Drug_0452,6,2,527,1206,1023
Drug_0453,6,1,2273,804,909
Drug_0454,14,0,1703,420,633
Drug_0455,9,0,1897,540,621
Drug_0456,11,0,2932,683,727
Drug_0457,1,6,138,1569,521
Drug_0458,8,0,952,388,465
Drug_0459,5,7,611,3286,2777
Drug_0460,8,4,290,907,1022
Drug_0461,7,0,659,1340,1106
Drug_0462,6,0,1243,140,189
Drug_0463,1,11,246,740,270
Drug_0464,9,0,1576,383,469
Drug_0465,8,3,290,678,534
Drug_0466,5,3,481,891,975
Drug_0467,11,3,489,336,338
Drug_0468,1,11,176,1303,640
Drug_0469,12,1,1227,289,345
Drug_0470,10,1,846,753,602
Drug_0471,16,0,3731,388,379
Drug_0472,12,1,810,340,419
Drug_0473,12,1,6480,610,815
Drug_0474,9,0,1209,706,1040
Drug_0475,5,1,2347,209,246
Drug_0476,11,1,427,221,259
Drug_0477,8,0,3352,496,546
Drug_0478,7,1,702,193,190
Drug_0479,15,2,617,650,696
Drug_0480,7,1,1177,354,541
Drug_0481,8,0,2186,452,485
Drug_0482,12,1,4133,435,643
Drug_0483,7,0,448,514,492
Drug_0484,13,0,1011,411,555
Drug_0485,8,0,1558,515,602
Drug_0486,6,1,608,799,1139
Drug_0487,12,1,1241,744,974
Drug_0488,9,0,1178,23,32
Drug_0489,6,1,3275,706,837
Drug_0490,8,2,270,393,393
Drug_0491,6,1,810,344,286
Drug_0492,9,4,858,2282,2119
Drug_0493,9,0,1707,364,353
Drug_0494,11,0,1731,335,391
Drug_0495,4,1,748,1643,1291
Drug_0496,7,1,698,1553,1822
Drug_0497,8,1,1189,105,139
Drug_0498,10,2,666,1059,1019
Drug_0499,9,0,362,276,313
Drug_0500,5,1,604,460,486
Drug_0501,7,3,1204,1722,1638
Drug_0502,3,4,1173,1161,908
Drug_0503,0,8,256,3911,1286
Drug_0504,13,3,1852,999,889
Drug_0505,6,1,1499,345,379
Drug_0506,1,8,287,1364,1050
Drug_0507,5,0,3305,149,190
Drug_0508,3,7,212,1166,796
Drug_0509,9,0,940,569,783
Drug_0510,3,0,1044,617,811
Drug_0511,8,0,1662,718,924
Drug_0512,2,4,535,399,282
Drug_0513,6,0,4104,576,773
Drug_0514,6,1,1812,629,853
Drug_0515,8,0,3482,395,543
Drug_0516,9,0,1587,257,350
Drug_0517,10,0,533,340,349
Drug_0518,10,0,255,376,360
Drug_0519,12,1,3312,455,548
Drug_0520,1,5,626,550,350
Drug_0521,1,3,130,2041,1395
Drug_0522,11,0,2335,585,790
Drug_0523,17,2,1224,837,990
Drug_0524,2,2,500,1798,1756
Drug_0525,10,0,1253,457,529
Drug_0526,13,1,1448,538,613
Drug_0527,2,10,55,604,225
Drug_0528,3,11,208,1063,507
Drug_0529,4,3,131,1564,1133
Drug_0530,6,0,1129,635,783
Drug_0531,9,0,1912,746,787
Drug_0532,9,1,789,746,843
Drug_0533,4,0,473,270,283
Drug_0534,6,3,669,486,500
Drug_0535,8,0,428,269,285
Drug_0536,13,0,1745,155,186
Drug_0537,9,1,391,965,952
Drug_0538,11,0,2573,361,530
Drug_0539,12,0,1945,795,1008
Drug_0540,1,6,759,528,271
Drug_0541,1,11,0,1737,813
Drug_0542,9,3,524,477,435
Drug_0543,2,4,647,1671,1265
Drug_0544,1,12,117,3154,1391
Drug_0545,10,1,345,569,977
Drug_0546,9,0,628,343,357
Drug_0547,9,0,1843,481,655
Drug_0548,11,1,897,354,365
Drug_0549,2,2,208,1057,751
Drug_0550,12,0,3207,669,717
Drug_0551,14,1,1062,176,191
Drug_0552,10,1,954,400,610
Drug_0553,14,0,3331,142,205
Drug_0554,2,17,73,813,354
Drug_0555,8,2,1098,760,1154
Drug_0556,7,0,1125,171,225
Drug_0557,12,0,1342,25,31
Drug_0558,8,1,1069,510,706
Drug_0559,9,1,850,3240,3160
Drug_0560,7,1,2207,105,107
Drug_0561,11,2,1017,678,944
Drug_0562,8,1,981,57,72
Drug_0563,2,8,714,1182,640
Drug_0564,11,1,816,481,362
Drug_0565,5,1,959,705,681
Drug_0566,9,0,205,685,640
Drug_0567,4,2,407,950,592
Drug_0568,9,4,3314,305,409
Drug_0569,16,1,2933,165,227
Drug_0570,7,5,844,780,680
Drug_0571,11,0,3276,1279,1652
Drug_0572,6,0,18,646,520
Drug_0573,6,1,2356,346,441
Drug_0574,6,7,327,1062,726
Drug_0575,4,1,198,394,283
Drug_0576,6,2,1507,507,552
Drug_0577,0,12,67,399,157
Drug_0578,8,3,2531,209,190
Drug_0579,6,4,513,818,488
Drug_0580,11,0,1086,407,550
Drug_0581,14,2,3844,396,446
Drug_0582,10,0,979,400,407
Drug_0583,7,0,1112,291,377
Drug_0584,11,2,2051,541,657
Drug_0585,1,7,71,1804,771
Drug_0586,9,3,1574,770,798
Drug_0587,17,0,292,164,245
Drug_0588,16,1,971,30,42
Drug_0589,6,0,1764,363,419
Drug_0590,7,0,1736,890,1156
Drug_0591,4,12,22,4218,1758
Drug_0592,9,2,3419,393,552
Drug_0593,6,1,1618,292,341
Drug_0594,1,2,2029,193,216
Drug_0595,15,0,725,328,355
Drug_0596,8,0,2847,261,266
Drug_0597,7,2,1350,1592,1794
Drug_0598,6,0,1113,436,454
Drug_0599,2,15,71,3296,1501
Drug_0600,6,1,769,296,290
Drug_0601,9,1,2040,411,622
Drug_0602,4,7,437,1425,1183
Drug_0603,0,12,83,2002,710
Drug_0604,9,3,902,669,675
Drug_0605,1,8,111,1559,672
Drug_0606,3,3,799,1171,768
Drug_0607,5,6,466,1520,1054
Drug_0608,13,0,2024,388,474
Drug_0609,8,2,787,510,578
Drug_0610,12,1,2187,638,798
Drug_0611,8,2,117,492,478
Drug_0612,5,0,2393,674,666
Drug_0613,0,20,81,970,453
Drug_0614,2,6,25,191,97
Drug_0615,7,0,1179,318,396
Drug_0616,6,1,1579,525,646
Drug_0617,6,2,621,617,652
Drug_0618,10,0,524,326,388
Drug_0619,6,1,278,421,569
Drug_0620,16,0,1302,569,679
Drug_0621,4,4,182,1281,1005
Drug_0622,8,0,620,973,1319
Drug_0623,2,8,172,700,284
Drug_0624,16,1,1676,379,508
Drug_0625,1,6,112,1697,730
Drug_0626,11,1,1534,471,669
Drug_0627,2,3,1194,1581,1104
Drug_0628,7,0,2643,504,520
Drug_0629,4,0,282,580,644
Drug_0630,6,3,319,944,732
Drug_0631,0,13,89,1724,829
Drug_0632,6,4,401,1808,1140
Drug_0633,8,0,996,817,1047
Drug_0634,12,0,2093,222,291
Drug_0635,18,1,228,225,277
Drug_0636,14,1,111,255,310
Drug_0637,5,0,1488,685,594
Drug_0638,16,1,1433,309,360
Drug_0639,4,4,616,728,555
Drug_0640,1,6,110,485,375
Drug_0641,7,1,595,1090,920
Drug_0642,3,2,91,1169,982
Drug_0643,13,0,434,350,387
Drug_0644,7,1,2375,360,376
Drug_0645,7,3,1847,435,404
Drug_0646,5,5,111,1051,743
Drug_0647,9,0,1509,175,162
Drug_0648,3,1,2862,1157,1164
Drug_0649,7,0,1146,512,484
Drug_0650,11,1,255,198,251
Drug_0651,14,0,40,570,856
Drug_0652,5,1,754,1393,1095
Drug_0653,15,1,194,910,899
Drug_0654,10,1,235,126,135
Drug_0655,2,4,130,1681,1370
Drug_0656,10,0,382,753,807
Drug_0657,2,5,217,2335,1792
Drug_0658,8,0,750,425,631
Drug_0659,11,4,185,986,1008
Drug_0660,11,1,2601,179,252
Drug_0661,7,0,1263,616,852
Drug_0662,0,5,619,540,464
Drug_0663,7,0,3677,50,70
Drug_0664,10,0,1065,899,941
Drug_0665,10,1,900,397,483
Drug_0666,7,0,1059,680,588
Drug_0667,4,4,786,170,106
Drug_0668,1,11,15,3077,1308
Drug_0669,5,4,62,1016,1213
Drug_0670,9,1,1725,574,625
Drug_0671,8,0,1542,957,1305
Drug_0672,10,2,443,578,610
Drug_0673,3,11,114,918,427
Drug_0674,8,0,539,453,438
Drug_0675,6,2,1738,497,481
Drug_0676,7,0,3905,268,301
Drug_0677,1,12,75,2276,921
Drug_0678,4,1,2033,256,244
Drug_0679,9,1,941,626,791
Drug_0680,11,2,1094,222,294
Drug_0681,11,0,1066,466,589
Drug_0682,8,2,1632,295,336
Drug_0683,6,0,694,829,904
Drug_0684,10,1,1788,853,1195
Drug_0685,13,3,312,828,797
Drug_0686,21,0,649,432,595
Drug_0687,14,0,379,486,577
Drug_0688,2,12,28,1833,952
Drug_0689,4,3,327,921,766
Drug_0690,6,0,1470,441,443
Drug_0691,8,1,161,201,249
Drug_0692,7,2,488,2280,1632
Drug_0693,7,1,1744,131,170
Drug_0694,14,0,1424,455,558
Drug_0695,0,11,41,1222,524
Drug_0696,10,2,526,780,861
Drug_0697,4,2,475,645,645
Drug_0698,6,3,547,491,451
Drug_0699,8,1,1116,637,656
Drug_0700,8,0,1629,670,767
Drug_0701,16,0,7261,759,963
Drug_0702,7,0,1479,731,985
Drug_0703,7,2,337,223,271
Drug_0704,5,6,97,550,349
Drug_0705,9,1,2974,417,449
Drug_0706,13,2,2390,831,1004
Drug_0707,2,3,130,1992,1388
Drug_0708,1,4,368,1451,924
Drug_0709,9,1,220,125,151
Drug_0710,10,1,4778,749,916
Drug_0711,2,11,90,1099,441
Drug_0712,8,3,725,661,847
Drug_0713,3,6,513,3983,2724
Drug_0714,1,10,2,1269,533
Drug_0715,2,1,273,228,154
Drug_0716,4,0,4098,915,995
Drug_0717,7,2,814,675,639
Drug_0718,10,0,2399,474,644
Drug_0719,4,4,1300,262,244
Drug_0720,1,12,96,3751,1893
Drug_0721,6,1,621,494,523
Drug_0722,11,0,446,165,246
Drug_0723,7,1,2483,63,86
Drug_0724,2,10,102,2424,1152
Drug_0725,7,0,8017,309,419
Drug_0726,14,2,3261,122,115
Drug_0727,15,0,3066,561,781
Drug_0728,10,1,2300,609,793
Drug_0729,15,1,1261,714,882
Drug_0730,5,2,1906,2290,2313
Drug_0731,21,0,349,322,449
Drug_0732,8,0,2810,259,341
Drug_0733,11,3,5289,788,961
Drug_0734,9,0,1183,566,803
Drug_0735,7,0,1261,199,199
Drug_0736,5,2,1662,921,719
Drug_0737,7,1,1523,184,192
Drug_0738,16,1,2798,130,133
Drug_0739,10,0,2072,441,480
Drug_0740,9,0,1605,411,489
Drug_0741,4,1,1053,289,364
Drug_0742,8,0,257,280,405
Drug_0743,2,8,391,247,188
Drug_0744,19,0,3526,190,244
Drug_0745,8,0,485,937,872
Drug_0746,4,0,1515,295,395
Drug_0747,6,1,948,516,672
Drug_0748,12,0,1433,186,221
Drug_0749,1,5,1068,2966,2281
Drug_0750,2,8,321,941,723
Drug_0751,12,1,1390,347,410
Drug_0752,3,1,34,641,726
Drug_0753,10,1,3127,382,462
Drug_0754,9,1,1312,405,498
Drug_0755,2,3,1613,1116,1212
Drug_0756,12,1,2463,1047,1322
Drug_0757,8,1,602,152,208
Drug_0758,0,7,14,2317,1019
Drug_0759,8,0,1233,442,635
Drug_0760,19,0,814,537,715
Drug_0761,6,2,3120,210,163
Drug_0762,7,2,1487,449,477
Drug_0763,4,1,748,568,768
Drug_0764,14,0,6245,482,475
Drug_0765,3,8,17,3624,1418
Drug_0766,11,0,244,179,229
Drug_0767,14,0,3103,241,293
Drug_0768,21,1,414,630,685
Drug_0769,8,1,2675,1380,1515
Drug_0770,6,4,780,320,336
Drug_0771,11,0,1807,711,841
Drug_0772,9,2,1029,1176,1074
Drug_0773,8,0,790,533,602
Drug_0774,1,4,692,465,370
Drug_0775,11,1,7318,578,768
Drug_0776,2,5,166,2537,1790
Drug_0777,8,0,2866,374,359
Drug_0778,10,0,289,937,1285
Drug_0779,2,5,303,2025,1463
Drug_0780,3,7,174,1481,883
Drug_0781,5,1,898,322,376
Drug_0782,0,11,259,93,37
Drug_0783,11,0,3540,365,486
Drug_0784,11,2,536,256,251
Drug_0785,1,14,88,1801,724
Drug_0786,11,0,1311,608,836
Drug_0787,1,8,183,779,570
Drug_0788,13,0,959,386,477
Drug_0789,3,7,936,1350,812
Drug_0790,8,2,469,745,815
Drug_0791,10,2,1984,697,759
Drug_0792,8,1,3594,787,920
Drug_0793,13,0,1351,121,108
Drug_0794,11,0,544,205,232
Drug_0795,11,1,847,285,329
Drug_0796,12,2,446,501,683
Drug_0797,13,0,2908,257,312
Drug_0798,6,0,1809,916,1075
Drug_0799,8,1,1049,578,693
Drug_0800,9,2,862,633,595
Drug_0801,8,1,1756,1129,1195
Drug_0802,7,0,163,530,745
Drug_0803,2,4,359,1979,1719
Drug_0804,7,2,763,621,697
Drug_0805,14,0,426,523,628
Drug_0806,8,1,323,779,1068
Drug_0807,7,2,572,963,976
Drug_0808,8,0,4083,655,718
Drug_0809,7,3,1755,812,802
Drug_0810,2,9,68,2937,1308
Drug_0811,11,0,2925,192,245
Drug_0812,7,1,792,1122,1639
Drug_0813,2,13,208,944,316
Drug_0814,3,6,248,89,89
Drug_0815,10,1,835,179,217
Drug_0816,4,6,545,792,528
Drug_0817,4,10,30,1466,1078
Drug_0818,10,2,582,659,569
Drug_0819,9,3,1338,726,608
Drug_0820,6,1,1427,1066,1441
Drug_0821,10,0,1959,612,797
Drug_0822,6,3,1193,304,356
Drug_0823,18,1,4815,469,465
Drug_0824,7,2,520,290,277
Drug_0825,4,6,399,1059,810
Drug_0826,7,0,3657,326,362
Drug_0827,6,1,690,409,353
Drug_0828,14,1,3064,424,447
Drug_0829,3,6,120,74,41
Drug_0830,13,0,2700,353,524
Drug_0831,6,1,145,1503,1484
Drug_0832,4,3,1548,711,640
Drug_0833,11,2,1974,617,659
Drug_0834,6,2,1073,727,847
Drug_0835,6,1,2879,2232,2325
Drug_0836,5,3,484,731,739
Drug_0837,3,3,134,2905,1500
Drug_0838,0,13,169,1468,618
Drug_0839,13,0,1299,223,341
Drug_0840,7,1,2959,1046,966
Drug_0841,8,0,691,331,429
Drug_0842,3,2,290,2029,1465
Drug_0843,8,1,2142,295,295
Drug_0844,11,1,3194,161,205
Drug_0845,5,0,1656,154,167
Drug_0846,3,6,259,1279,1188
Drug_0847,10,1,2545,186,272
Drug_0848,4,0,792,501,514
Drug_0849,7,1,1333,449,616
Drug_0850,3,9,40,907,404
Drug_0851,11,1,2062,275,359
Drug_0852,12,0,777,143,150
Drug_0853,5,4,173,1135,771
Drug_0854,0,13,111,1480,531
Drug_0855,16,0,1355,238,242
Drug_0856,6,1,1170,307,421
Drug_0857,7,1,668,979,888
Drug_0858,2,2,231,1035,709
Drug_0859,11,2,605,461,477
Drug_0860,2,0,1315,587,478
Drug_0861,9,0,707,234,236
Drug_0862,10,2,72,297,268
Drug_0863,4,2,278,768,567
Drug_0864,4,0,57,544,602
Drug_0865,14,0,3880,697,1010
Drug_0866,0,11,34,654,292
Drug_0867,5,3,89,1678,1265
Drug_0868,4,6,300,335,309
Drug_0869,5,0,4638,664,779
Drug_0870,9,1,2789,388,427
Drug_0871,4,0,899,860,824
Drug_0872,8,0,4976,808,1089
Drug_0873,1,8,31,484,175
Drug_0874,10,3,3142,74,102
Drug_0875,8,2,928,477,489
Drug_0876,6,4,62,1917,1101
Drug_0877,9,4,1643,612,905
Drug_0878,7,0,691,318,309
Drug_0879,6,0,1458,107,124
Drug_0880,10,0,491,994,848
Drug_0881,14,1,541,87,96
Drug_0882,7,2,311,419,349
Drug_0883,0,8,120,1773,699
Drug_0884,4,1,4212,465,574
Drug_0885,7,0,4820,301,390
Drug_0886,11,1,1568,620,894
Drug_0887,11,0,753,809,1056
Drug_0888,8,0,938,621,951
Drug_0889,10,2,3404,540,734
Drug_0890,9,0,845,1424,1382
Drug_0891,14,2,1759,433,477
Drug_0892,2,6,83,765,257
Drug_0893,8,0,251,679,970
Drug_0894,11,1,549,180,223
Drug_0895,3,6,262,545,397
Drug_0896,2,2,71,1007,833
Drug_0897,9,0,1253,105,125
Drug_0898,9,1,1531,159,169
Drug_0899,13,0,1550,495,542
Drug_0900,6,2,1477,605,601
Drug_0901,6,0,2872,432,544
Drug_0902,8,0,2267,644,984
Drug_0903,7,0,1495,380,567
Drug_0904,7,0,311,287,342
Drug_0905,0,14,88,1001,516
Drug_0906,6,3,2241,612,606
Drug_0907,15,0,1808,696,906
Drug_0908,10,0,542,483,538
Drug_0909,14,0,495,814,920
Drug_0910,3,1,1345,263,320
Drug_0911,1,6,809,1548,1052
Drug_0912,2,4,223,1658,1189
Drug_0913,1,14,47,1649,710
Drug_0914,0,11,380,1722,740
Drug_0915,1,14,114,1263,615
Drug_0916,2,8,150,238,98
Drug_0917,8,1,407,488,550
Drug_0918,13,1,370,272,312
Drug_0919,14,0,1509,477,610
Drug_0920,5,1,1003,931,1115
Drug_0921,12,1,1548,130,204
Drug_0922,4,7,351,622,453
Drug_0923,3,1,687,218,163
Drug_0924,7,3,3576,597,566
Drug_0925,10,0,621,329,420
Drug_0926,12,0,4923,461,683
Drug_0927,6,3,350,330,420
Drug_0928,6,3,427,1953,1268
Drug_0929,7,1,1046,329,323
Drug_0930,9,1,220,429,478
Drug_0931,12,1,1267,550,677
Drug_0932,6,1,1789,679,895
Drug_0933,10,0,966,682,921
Drug_0934,3,4,437,1029,784
Drug_0935,1,5,409,1108,780
Drug_0936,6,1,3348,235,239
Drug_0937,2,6,211,778,312
Drug_0938,7,0,2519,181,231
Drug_0939,4,6,378,1471,1060
Drug_0940,7,0,3533,578,747
Drug_0941,16,0,2505,563,737
Drug_0942,5,4,297,1138,798
Drug_0943,12,0,1716,309,380
Drug_0944,9,0,1233,202,213
Drug_0945,8,1,888,511,631
Drug_0946,13,0,644,519,554
Drug_0947,5,5,1991,409,519
Drug_0948,3,1,344,271,225
Drug_0949,2,3,364,783,560
Drug_0950,7,0,156,344,391
Drug_0951,7,1,504,710,690
Drug_0952,17,0,884,649,891
Drug_0953,10,2,4936,606,759
Drug_0954,9,0,3013,385,375
Drug_0955,1,7,36,3728,1628
Drug_0956,3,5,748,1147,754
Drug_0957,6,9,162,1041,663
Drug_0958,7,1,1560,853,909
Drug_0959,16,0,1296,898,934
Drug_0960,4,3,669,853,871
Drug_0961,4,1,1324,986,948
Drug_0962,17,1,2210,236,328
Drug_0963,12,1,865,315,422
Drug_0964,5,0,820,668,807
Drug_0965,0,10,58,1502,682
Drug_0966,16,0,1389,502,613
Drug_0967,2,9,14,3093,1326
Drug_0968,7,0,852,492,639
Drug_0969,3,1,1265,821,765
Drug_0970,8,1,454,258,399
Drug_0971,8,0,2366,242,273
Drug_0972,13,0,1394,169,228
Drug_0973,12,0,2592,397,487
Drug_0974,1,10,144,611,285
Drug_0975,12,0,5594,593,688
Drug_0976,4,1,1754,685,645
Drug_0977,5,1,2201,156,213
Drug_0978,12,0,2496,1039,1422
Drug_0979,5,2,2501,1291,1205
Drug_0980,6,0,2032,438,657
Drug_0981,2,6,44,1935,892
Drug_0982,2,3,235,1949,1202
Drug_0983,6,1,680,1643,1751
Drug_0984,6,0,3375,581,672
Drug_0985,14,0,1158,956,1171
Drug_0986,0,11,72,1240,628
Drug_0987,12,1,1716,169,215
Drug_0988,10,0,1398,423,484
Drug_0989,11,1,4506,612,843
Drug_0990,5,6,566,702,526
Drug_0991,7,1,347,607,618
Drug_0992,4,2,273,3828,2909
Drug_0993,3,4,818,1362,1133
Drug_0994,10,0,2851,451,495
Drug_0995,2,10,168,1347,509
Drug_0996,7,0,465,387,467
Drug_0997,4,2,1361,1874,1865
Drug_0998,16,0,318,273,326
Drug_0999,3,6,62,973,398
Drug_1000,10,2,2503,514,615
Drug_1001,11,0,2096,524,746
Drug_1002,9,1,3200,465,555
Drug_1003,8,0,1412,312,353
Drug_1004,13,0,1929,153,260
Drug_1005,6,0,1502,582,542
Drug_1006,11,0,1815,310,314
Drug_1007,1,6,144,1199,536
Drug_1008,5,0,2455,430,537
Drug_1009,4,3,1430,1348,1515
Drug_1010,14,0,3452,334,415
Drug_1011,6,1,191,1894,1956
Drug_1012,6,0,347,932,860
Drug_1013,8,0,3821,476,552
Drug_1014,0,10,112,1263,510
Drug_1015,8,0,2326,278,304
Drug_1016,10,1,88,843,948
Drug_1017,8,2,814,146,156
Drug_1018,4,2,426,1406,961
Drug_1019,9,0,552,397,537
Drug_1020,9,0,327,268,356
Drug_1021,4,0,21,2047,1411
Drug_1022,7,1,621,560,581
Drug_1023,3,16,70,1953,832
Drug_1024,6,1,1042,938,889
Drug_1025,5,2,282,1337,1118
Drug_1026,4,3,255,378,574
Drug_1027,2,5,221,1327,446
Drug_1028,9,0,916,508,618
Drug_1029,8,1,564,478,444
Drug_1030,13,0,1939,518,529
Drug_1031,6,1,1706,1482,1400
Drug_1032,9,3,1527,228,263
Drug_1033,7,0,932,894,780
Drug_1034,0,14,136,2604,904
Drug_1035,11,1,4691,370,522
Drug_1036,6,0,1468,1306,1319
Drug_1037,17,0,1259,467,565
Drug_1038,6,1,1862,255,280
Drug_1039,8,0,610,311,450
Drug_1040,6,0,2417,737,1050
Drug_1041,12,0,477,267,295
Drug_1042,7,3,1521,1644,1853
Drug_1043,7,3,713,892,954
Drug_1044,6,0,445,504,517
Drug_1045,6,1,527,586,640
Drug_1046,14,0,965,489,527
Drug_1047,10,1,1837,496,600
Drug_1048,3,4,115,1009,734
Drug_1049,6,2,199,1736,1693
Drug_1050,12,1,1253,705,879
Drug_1051,2,1,772,575,708
Drug_1052,13,1,2424,359,452
Drug_1053,8,1,157,111,127
Drug_1054,9,0,351,444,553
Drug_1055,16,0,797,121,133
Drug_1056,3,2,950,753,761
Drug_1057,1,7,157,2789,1283
Drug_1058,14,0,1739,556,792
Drug_1059,7,2,63,149,117
Drug_1060,6,4,434,423,426
Drug_1061,2,14,153,2965,1200
Drug_1062,6,2,1090,1581,1585
Drug_1063,8,1,2060,449,510
Drug_1064,6,3,995,1063,1079
Drug_1065,11,1,1235,888,1065
Drug_1066,0,10,71,1719,834
Drug_1067,5,1,1325,437,558
Drug_1068,10,1,641,1076,1015
Drug_1069,9,0,465,581,800
Drug_1070,7,0,1409,606,787
Drug_1071,5,3,671,1303,1012
Drug_1072,9,2,1557,612,627
Drug_1073,14,0,1548,1154,1353
Drug_1074,0,12,76,1750,654
Drug_1075,3,4,720,617,446
Drug_1076,12,0,2071,1068,1511
Drug_1077,11,0,1477,514,588
Drug_1078,7,1,795,448,529
Drug_1079,7,1,418,1314,1368
Drug_1080,11,3,1330,441,673
Drug_1081,9,0,1097,1050,1530
Drug_1082,1,15,140,1860,784
Drug_1083,0,9,43,1804,716
Drug_1084,5,8,429,1877,1235
Drug_1085,0,9,130,805,346
Drug_1086,4,1,852,237,272
Drug_1087,7,5,147,1055,786
Drug_1088,0,3,493,1380,989
Drug_1089,13,1,4000,609,866
Drug_1090,8,0,1711,815,1303
Drug_1091,7,0,4921,261,298
Drug_1092,12,4,1203,1063,974
Drug_1093,11,0,1002,618,876
Drug_1094,15,0,2020,919,1062
Drug_1095,11,2,162,502,513
Drug_1096,10,1,2643,311,336
Drug_1097,13,0,2333,537,662
Drug_1098,3,4,181,1104,922
Drug_1099,0,6,703,1798,1448
Drug_1100,7,2,1324,532,764
Drug_1101,8,1,1460,1190,1584
Drug_1102,17,0,651,234,320
Drug_1103,2,11,301,1762,1489
Drug_1104,3,4,83,788,560
Drug_1105,9,1,2383,382,450
Drug_1106,3,1,260,736,367
Drug_1107,12,0,1103,96,138
Drug_1108,11,0,3531,159,168
Drug_1109,0,4,57,2868,1058
Drug_1110,8,0,1843,471,664
Drug_1111,14,1,858,575,796
Drug_1112,6,0,1792,711,838
Drug_1113,10,4,136,971,889
Drug_1114,1,9,67,297,125
Drug_1115,0,12,118,3379,1400
Drug_1116,8,0,3566,450,583
Drug_1117,5,2,918,233,258
Drug_1118,2,5,337,1155,951
Drug_1119,9,0,1047,582,575
Drug_1120,6,4,216,1501,1005
Drug_1121,7,0,708,563,599
Drug_1122,14,0,1297,1002,1254
Drug_1123,3,8,139,239,212
Drug_1124,4,4,1132,359,392
Drug_1125,8,0,2172,453,557
Drug_1126,3,3,1476,440,422
Drug_1127,6,0,1189,454,415
Drug_1128,5,6,756,1659,1833
Drug_1129,5,0,582,405,384
Drug_1130,1,12,90,1035,424
Drug_1131,1,11,114,363,179
Drug_1132,8,1,1021,495,408
Drug_1133,9,1,376,1771,2250
Drug_1134,7,3,796,286,327
Drug_1135,0,15,15,1710,885
Drug_1136,9,0,2791,447,475
Drug_1137,13,0,4274,914,1511
Drug_1138,10,0,993,726,831
Drug_1139,6,3,1419,87,112
Drug_1140,8,4,785,514,584
Drug_1141,10,0,806,309,320
Drug_1142,0,5,162,257,159
Drug_1143,4,11,381,1028,774
Drug_1144,2,5,598,1397,1141
Drug_1145,8,0,634,657,817
Drug_1146,10,1,683,703,1027
Drug_1147,11,2,2754,660,608
Drug_1148,0,3,129,1151,853
Drug_1149,9,1,1140,492,656
Drug_1150,5,5,150,567,434
Drug_1151,6,0,4372,85,118
Drug_1152,4,4,468,1078,770
Drug_1153,10,1,3069,235,288
Drug_1154,10,1,1377,838,1153
Drug_1155,10,0,1247,958,1013
Drug_1156,9,1,5098,544,696
Drug_1157,11,0,4892,135,143
Drug_1158,10,0,3332,623,861
Drug_1159,10,0,458,1126,1307
Drug_1160,1,7,287,2920,2132
Drug_1161,12,0,4304,557,695
Drug_1162,3,4,665,333,357
Drug_1163,3,4,553,1846,1669
Drug_1164,8,2,2058,531,711
Drug_1165,5,1,4625,187,205
Drug_1166,4,7,463,805,714
Drug_1167,3,5,60,1161,733
Drug_1168,6,6,2593,1423,1601
Drug_1169,3,5,256,741,588
Drug_1170,11,1,550,787,1008
Drug_1171,8,0,1223,569,702
Drug_1172,11,2,2615,2237,2652
Drug_1173,9,0,3299,843,999
Drug_1174,2,5,209,828,613
Drug_1175,3,4,3231,1658,1611
Drug_1176,3,4,181,1366,1078
Drug_1177,9,0,498,497,658
Drug_1178,11,0,2450,565,802
Drug_1179,7,0,802,296,369
Drug_1180,16,0,6617,1032,1198
Drug_1181,4,7,249,1057,781
Drug_1182,12,0,1236,538,657
Drug_1183,14,0,939,710,823
Drug_1184,8,1,622,295,347
Drug_1185,11,1,2668,108,125
Drug_1186,2,3,79,1284,811
Drug_1187,12,1,1396,328,341
Drug_1188,1,7,106,1059,374
Drug_1189,5,0,1952,1217,1204
Drug_1190,6,3,1613,71,62
Drug_1191,10,0,562,236,275
Drug_1192,8,0,2649,796,989
Drug_1193,2,7,278,707,426
Drug_1194,0,6,107,2344,991
Drug_1195,4,9,137,1795,1408
Drug_1196,14,0,2025,161,176
Drug_1197,7,0,4151,780,1143
Drug_1198,8,2,424,474,406
Drug_1199,7,0,405,452,639
Drug_1200,6,5,899,753,868
